Data;Frase do usu치rio;Inten칞칚o;Confiabilidade;Status;Nova Inten칞칚o
2018-11-21 21:45:27 +00:00;o que sao eletorias?;Eletivas;79.48%;N칚o analisado;
2018-11-21 21:45:17 +00:00;to com umas tretas com meu passe escolar;Passe Escolar;76.89%;N칚o analisado;
2018-11-21 21:44:59 +00:00;como funciona o aproveitamento de estudos?;Aproveitamento de Estudos;90.74%;N칚o analisado;
2018-11-21 21:44:45 +00:00;sou aluno especial e quero mais infos;Aluno Especial;95.48%;N칚o analisado;
2018-11-21 21:44:28 +00:00;como faco para abonar minhas faltas?;Abono de Falta;94.62%;N칚o analisado;
2018-11-21 21:44:11 +00:00;como funciona o trancamento de matricula?;Trancamento de Matr칤cula;91.85%;N칚o analisado;
2018-11-21 21:43:51 +00:00;to sem grana e preciso de uma bolsa de estudos, me ajuda;Bolsas;93.21%;N칚o analisado;
2018-11-21 21:43:29 +00:00;fui jubilado o que fazer?;Cancelamento de Matr칤cula;94.33%;N칚o analisado;
2018-11-21 21:43:12 +00:00;onde encontro o site para acompanhar protocolo?;Acompanhar Protocolo;84.95%;N칚o analisado;
2018-11-21 21:41:08 +00:00;perdi meu ra como prosseguir?;Cart칚o Universit치rio;70.14%;N칚o analisado;
2018-11-21 21:40:50 +00:00;perdi meu ra, como prosseguir?;Cart칚o Universit치rio;57.94%;N칚o analisado;
2018-11-21 21:40:22 +00:00;fui jubilado, o que fazer?;Cancelamento de Matr칤cula;94.83%;N칚o analisado;
2018-11-21 21:40:08 +00:00;to sem grana e preciso de uma bolsa de estudos, me ajuda;Bolsas;93.21%;N칚o analisado;
2018-11-21 21:39:47 +00:00;como funciona o aproveitamento de estudos?;Aproveitamento de Estudos;90.74%;N칚o analisado;
2018-11-21 21:39:33 +00:00;perdi minha senha, me ajuda daquinho;Altera칞칚o de Senha;92.18%;N칚o analisado;
2018-11-21 21:39:18 +00:00;sou aluno especial, me ajuda daquinho?;Aluno Especial;94.09%;N칚o analisado;
2018-11-21 21:38:51 +00:00;onde e a minha sala de aula agora?;Aloca칞칚o de Salas;94.00%;N칚o analisado;
2018-11-21 21:38:38 +00:00;onde encontro o site para acompanhar protocolo?;Acompanhar Protocolo;84.95%;N칚o analisado;
2018-11-21 21:38:12 +00:00;como faco para abonar minhas faltas?;Abono de Falta;94.62%;N칚o analisado;
2018-11-21 21:33:46 +00:00;perdi minah senha, me ajuda daquinho?;Altera칞칚o de Senha;45.90%;N칚o analisado;
2018-11-21 21:33:29 +00:00;sou aluno especial e quero mais infos;Aluno Especial;95.48%;N칚o analisado;
2018-11-21 21:33:05 +00:00;onde e minha sala de aula agora?;Aloca칞칚o de Salas;91.19%;N칚o analisado;
2018-11-21 21:32:49 +00:00;onde encontro o site para acompanhar protocolo?;Acompanhar Protocolo;84.95%;N칚o analisado;
2018-11-21 21:32:28 +00:00;como faco para abonar minhas faltas?;Abono de Falta;94.62%;N칚o analisado;
2018-11-21 13:30:49 +00:00;matricula em disciplinas;Altera칞칚o de Matr칤cula;75.83%;N칚o analisado;
2018-11-21 13:30:38 +00:00;ferias de verao;C칩digo de Disciplina;2.42%;N칚o analisado;
2018-11-21 13:27:32 +00:00;calendario;Calend치rio;99.56%;N칚o analisado;
2018-11-21 13:27:25 +00:00;disciplinas de ferias;Desist칡ncia em Disciplina;8.75%;N칚o analisado;
2018-11-21 13:27:10 +00:00;inscricao disciplinas de ferias;Calend치rio;5.94%;N칚o analisado;
2018-11-21 01:23:51 +00:00;bolsa de estudos;Bolsas;98.61%;N칚o analisado;
2018-11-21 01:23:42 +00:00;iniciacao cientifica;C칩digo de Disciplina;8.84%;N칚o analisado;
2018-11-21 01:21:35 +00:00;agendar horario;C칩digo de Disciplina;12.43%;N칚o analisado;
2018-11-21 01:21:13 +00:00;trancamento do semestre;Trancamento de Matr칤cula;84.59%;N칚o analisado;
2018-11-21 01:20:54 +00:00;perdi meu ra;Cart칚o Universit치rio;99.09%;N칚o analisado;
2018-11-21 01:20:28 +00:00;data de matricula;Altera칞칚o de Matr칤cula;45.04%;N칚o analisado;
2018-11-21 01:20:20 +00:00;qual e a data de matricula;Altera칞칚o de Matr칤cula;20.21%;N칚o analisado;
2018-11-21 01:20:06 +00:00;catalogo;Mudan칞a de cat치logo;99.93%;N칚o analisado;
2018-11-21 01:19:42 +00:00;o que e pif;Programa Integrado de Forma칞칚o;83.16%;N칚o analisado;
2018-11-20 19:23:09 +00:00;mudanca de catalogo;Mudan칞a de cat치logo;99.86%;N칚o analisado;
2018-11-20 19:22:54 +00:00;o que e pif;Programa Integrado de Forma칞칚o;83.16%;N칚o analisado;
2018-11-20 19:22:08 +00:00;calendario medicina;Calend치rio;92.26%;N칚o analisado;
2018-11-20 19:22:01 +00:00;data proficiencia de linguas;Teste de Profici칡ncia;80.45%;N칚o analisado;
2018-11-20 19:21:46 +00:00;proficiencia de linguas;Teste de Profici칡ncia;78.15%;N칚o analisado;
2018-11-20 13:28:07 +00:00;o que sao eletorias?;Eletivas;79.48%;N칚o analisado;
2018-11-20 13:26:59 +00:00;to com umas tretas com meu passe escolar;Passe Escolar;76.89%;N칚o analisado;
2018-11-20 13:26:22 +00:00;como funciona o trancamento de matricula?;Trancamento de Matr칤cula;91.85%;N칚o analisado;
2018-11-20 13:26:08 +00:00;trancamento de matricula;Trancamento de Matr칤cula;91.03%;N칚o analisado;
2018-11-20 13:25:17 +00:00;quero trancar uma materia;Desist칡ncia em Disciplina;98.57%;N칚o analisado;
2018-11-20 13:24:12 +00:00;perdi meu ra como prosseguir?;Cart칚o Universit치rio;70.14%;N칚o analisado;
2018-11-20 13:20:30 +00:00;perdi meu ra como prosseguir?;Cart칚o Universit치rio;70.14%;N칚o analisado;
2018-11-20 13:19:02 +00:00;fui jubilado o que fazer ?;Cancelamento de Matr칤cula;94.33%;N칚o analisado;
2018-11-20 13:16:16 +00:00;fui jubilado o que fazer?;Cancelamento de Matr칤cula;94.33%;N칚o analisado;
2018-11-20 13:13:37 +00:00;fui jubilado o que posso fazer?;Cancelamento de Matr칤cula;17.47%;N칚o analisado;
2018-11-20 13:13:04 +00:00;fui jubilado, salva nois;Documentos para Matr칤cula;5.10%;Reprovado;cancelamento_de_matricula
2018-11-20 13:12:44 +00:00;fui jubilado o que fazer?;Cancelamento de Matr칤cula;13.59%;Aprovado;
2018-11-20 13:12:10 +00:00;to sem grana e preciso de uma bolsa de estudo, me ajuda;Bolsas;66.87%;N칚o analisado;
2018-11-20 13:11:31 +00:00;preciso de bolsa de estudo;Bolsas;72.99%;N칚o analisado;
2018-11-20 13:11:11 +00:00;precisava de uma bolsa de estudo;Bolsas;37.62%;N칚o analisado;
2018-11-20 13:10:33 +00:00;como funciona o aproveitamento de estudos?;Aproveitamento de Estudos;91.51%;N칚o analisado;
2018-11-20 13:09:53 +00:00;como funciona o aproveitamento de estudos?;Aproveitamento de Estudos;91.51%;N칚o analisado;
2018-11-20 13:09:08 +00:00;perdi minha senha, me ajuda daquinho;Altera칞칚o de Senha;90.83%;N칚o analisado;
2018-11-20 13:08:33 +00:00;sou aluno especial e quero mais infos;Aluno Especial;95.11%;N칚o analisado;
2018-11-20 13:08:13 +00:00;sou aluno especial e quero mais informa;Aluno Especial;80.23%;N칚o analisado;
2018-11-20 13:07:46 +00:00;onde e minha sala de aula agora?;Aloca칞칚o de Salas;90.81%;N칚o analisado;
2018-11-20 13:07:19 +00:00;onde e minha sala de aula?;Aloca칞칚o de Salas;96.16%;N칚o analisado;
2018-11-20 13:07:02 +00:00;onde vai ser minha aula?;Aloca칞칚o de Salas;37.92%;N칚o analisado;
2018-11-20 13:03:55 +00:00;onde encontro o site para acompanhar protocolo;Acompanhar Protocolo;90.89%;N칚o analisado;
2018-11-20 13:03:25 +00:00;quero acompanhar meus protocolos;Acompanhar Protocolo;57.63%;Aprovado;
2018-11-20 13:03:13 +00:00;como posso fazer pra acompanhar meus protocolos?;Acompanhar Protocolo;32.25%;Aprovado;
2018-11-20 13:02:07 +00:00;como faco para abonar minhas faltas?;Abono de Falta;94.44%;N칚o analisado;
2018-11-20 13:01:16 +00:00;como abono falta;Abono de Falta;94.78%;N칚o analisado;
2018-11-20 11:25:40 +00:00;oi xu tudo bem?;Interc칙mbio;1.04%;N칚o analisado;
2018-11-20 11:25:30 +00:00;daczinho meu amor xuxu;Diploma;2.24%;N칚o analisado;
2018-11-20 11:25:16 +00:00;e ai daquinho;C칩digo de Disciplina;2.78%;N칚o analisado;
2018-11-20 11:23:55 +00:00;link do calendario;Calend치rio;65.70%;N칚o analisado;
2018-11-20 11:23:48 +00:00;link do ccalendario;Ensino Aberto;9.78%;N칚o analisado;
2018-11-20 11:23:34 +00:00;quero aproveitar materias da graduacao no mestrado;Programa Integrado de Forma칞칚o;90.27%;N칚o analisado;
2018-11-20 11:22:20 +00:00;quando e o periodo de matricula;Calend치rio;97.74%;N칚o analisado;
2018-11-20 11:20:45 +00:00;tchau;C칩digo de Disciplina;44.95%;N칚o analisado;
2018-11-20 11:20:40 +00:00;oi;C칩digo de Disciplina;44.87%;N칚o analisado;
2018-11-20 11:20:09 +00:00;qual o codigo a;C칩digo de Disciplina;82.48%;N칚o analisado;
2018-11-20 11:19:33 +00:00;e;C칩digo de Disciplina;92.42%;N칚o analisado;
2018-11-20 11:19:25 +00:00;a;C칩digo de Disciplina;87.44%;N칚o analisado;
2018-11-20 11:19:18 +00:00;ma;C칩digo de Disciplina;44.95%;N칚o analisado;
2018-11-20 11:19:11 +00:00;mc;C칩digo de Disciplina;44.95%;N칚o analisado;
2018-11-20 11:18:51 +00:00;bom dia, quero saber mais sobre trancamento;Trancamento de Matr칤cula;48.30%;Aprovado;
2018-11-20 11:07:12 +00:00;u;C칩digo de Disciplina;44.95%;N칚o analisado;
2018-11-20 11:07:04 +00:00;o;Ensino Aberto;80.17%;N칚o analisado;
2018-11-20 11:06:54 +00:00;i;Aluno Estrangeiro;86.59%;N칚o analisado;
2018-11-20 11:06:46 +00:00;e;C칩digo de Disciplina;92.42%;N칚o analisado;
2018-11-20 11:06:15 +00:00;a;C칩digo de Disciplina;87.44%;N칚o analisado;
2018-11-19 20:37:37 +00:00;tchau;C칩digo de Disciplina;44.95%;N칚o analisado;
2018-11-19 20:35:43 +00:00;onde encontro o regimento geral?;Regimento Geral;99.12%;N칚o analisado;
2018-11-19 20:35:13 +00:00;me passa o regimento da unicamp;Regimento Geral;93.55%;N칚o analisado;
2018-11-19 20:35:01 +00:00;qual o regimento geral da unicamp?;Regimento Geral;99.47%;N칚o analisado;
2018-11-19 20:19:05 +00:00;oi;C칩digo de Disciplina;44.87%;N칚o analisado;
2018-11-19 20:18:29 +00:00;oi;C칩digo de Disciplina;44.87%;N칚o analisado;
2018-11-19 20:17:59 +00:00;como funciona abonar falta?;Abono de Falta;96.28%;Aprovado;
2018-11-18 23:51:06 +00:00;a;C칩digo de Disciplina;87.44%;Deletado;
2018-11-18 23:50:49 +00:00;periodo de matricula;Calend치rio;90.96%;N칚o analisado;
2018-11-16 23:38:54 +00:00;o que e desistencia em disciplina?;Desist칡ncia em Disciplina;97.50%;Aprovado;
2018-11-16 23:38:37 +00:00;quero saber mais sobre o trancamento de matricula;Trancamento de Matr칤cula;86.00%;Aprovado;
2018-11-16 21:57:45 +00:00;como faco para trancar disciplina;Desist칡ncia em Disciplina;95.54%;Aprovado;
2018-11-16 21:57:35 +00:00;quero largar essa disciplina;C칩digo de Disciplina;46.08%;N칚o analisado;
2018-11-16 21:57:13 +00:00;faltei muitas vezes, posso abonar?;Abono de Falta;98.51%;Aprovado;
2018-11-16 00:04:25 +00:00;como consigo uma bolsa;Bolsas;71.12%;Aprovado;
2018-11-16 00:04:02 +00:00;quais as bolsas oferecidas;Oferecimento de Disciplinas;8.53%;N칚o analisado;
2018-11-16 00:03:53 +00:00;quero conseguir uma bolsa;Bolsas;53.83%;Aprovado;
2018-11-16 00:03:41 +00:00;como consigo fazer o aproveitamento de estudos?;Aproveitamento de Estudos;94.90%;Aprovado;
2018-11-16 00:03:23 +00:00;quero mudar minha senha;Altera칞칚o de Senha;94.51%;Aprovado;
2018-11-16 00:03:10 +00:00;sou aluno especial e queria mais informacoes;Aluno Especial;96.13%;Aprovado;
2018-11-16 00:02:50 +00:00;quero saber a minha sala;Aloca칞칚o de Salas;95.09%;Aprovado;
2018-11-16 00:02:40 +00:00;onde e minha aula;Aloca칞칚o de Salas;56.28%;Aprovado;
2018-11-16 00:02:26 +00:00;eu queria acompanhar meu protocolo;Acompanhar Protocolo;97.26%;Aprovado;
2018-11-16 00:02:05 +00:00;tem como abonar falta?;Abono de Falta;95.15%;N칚o analisado;
2018-11-15 18:50:30 +00:00;tenho atestado, posso pedir abono ?;Abono de Falta;69.48%;N칚o analisado;
2018-11-15 18:50:03 +00:00;perdi muitas aulas, tenho atestado;Abono de Falta;96.86%;N칚o analisado;
2018-11-15 17:44:18 +00:00;onde acesso o moodle?;Ensino Aberto;89.78%;N칚o analisado;
2018-11-15 17:44:02 +00:00;queria resetar minha senha da unicamp;Altera칞칚o de Senha;61.16%;N칚o analisado;
2018-11-15 17:43:49 +00:00;perdi meu ra o que eu faco;Cart칚o Universit치rio;76.45%;N칚o analisado;
2018-11-15 17:43:19 +00:00;como faco pra entrar no profis?;ProFIS;93.81%;N칚o analisado;
2018-11-15 17:43:00 +00:00;fiquei doente vou reprovar por falta?;Abono de Falta;82.47%;N칚o analisado;
2018-11-15 14:00:54 +00:00;onde posso achar a grade completa do curso;Cat치logos de Cursos;18.39%;Aprovado;
2018-11-15 14:00:42 +00:00;cade a grade curricular do meu curso;Cat치logos de Cursos;94.50%;Aprovado;
2018-11-15 13:59:57 +00:00;onde acho mais informacoes sobre as materias do meu curso;Cat치logos de Cursos;43.23%;Aprovado;
2018-11-15 13:59:38 +00:00;onde acho a grade curricular;Cat치logos de Cursos;86.35%;Aprovado;
2018-11-15 13:59:20 +00:00;queria achar a grade curricular;Cat치logos de Cursos;55.10%;Aprovado;
2018-11-15 13:58:47 +00:00;cade a grade completa do meu curso;Cat치logos de Cursos;27.64%;Aprovado;
2018-11-15 13:56:47 +00:00;onde acho a grade curricular;Cat치logos de Cursos;84.14%;Aprovado;
2018-11-15 13:56:27 +00:00;matricula ajuda nois;Altera칞칚o de Matr칤cula;15.19%;Reprovado;matricula_em_disciplinas
2018-11-15 13:56:21 +00:00;alteracao de matricula;Altera칞칚o de Matr칤cula;96.32%;Aprovado;
2018-11-15 13:56:11 +00:00;onde acho a grade curricular;Cat치logos de Cursos;84.14%;Aprovado;
2018-11-15 13:55:53 +00:00;onde acho a grade curricular do meu curso;Cat치logos de Cursos;95.28%;Aprovado;
2018-11-15 13:20:30 +00:00;o teleduc ainda existe?;Ensino Aberto;94.88%;Aprovado;
2018-11-15 13:20:14 +00:00;o que e o moodle?;Ensino Aberto;97.31%;Aprovado;
2018-11-15 13:19:55 +00:00;quero saber como usar o moodle;Ensino Aberto;54.38%;Aprovado;
2018-11-15 13:19:46 +00:00;como faz pra mudar modalidade do curso;Mudan칞a de 칅nfase do Curso;94.28%;Aprovado;
2018-11-15 13:19:38 +00:00;como faz pra mudar minha modalidade;Mudan칞a de 칅nfase do Curso;44.59%;Aprovado;
2018-11-15 13:17:15 +00:00;ajuda nois dac, quantas eletivas eu posso fazer;Eletivas;89.26%;Aprovado;
2018-11-15 13:16:59 +00:00;meu curso tem varias enfases como escolho?;Mudan칞a de 칅nfase do Curso;66.16%;Aprovado;
2018-11-15 13:16:23 +00:00;eu queria aprender bastante mas nao sei qual materia e essa;Eletivas;15.77%;Deletado;
2018-11-15 13:16:11 +00:00;qual professor que vai dar essa materia;Professores de Disciplina;96.95%;Aprovado;
2018-11-15 13:15:43 +00:00;me fala desse professor;Professores de Disciplina;52.99%;Aprovado;
2018-11-15 13:15:34 +00:00;qual a diferenca de eletiva e eletoria;Eletivas;96.62%;Aprovado;
2018-11-15 13:15:20 +00:00;quantos matriculados existem nessa materia;Matriculados por Disciplinas;99.54%;Aprovado;
2018-11-15 13:15:09 +00:00;e nois ;C칩digo de Disciplina;15.22%;Deletado;
2018-11-15 13:14:59 +00:00;como vc chama;Interc칙mbio;2.22%;Deletado;
2018-11-15 13:14:52 +00:00;quais as eletivas que posso fazer;Eletivas;97.86%;Aprovado;
2018-11-15 13:14:49 +00:00;ta;C칩digo de Disciplina;45.57%;N칚o analisado;
2018-11-15 13:14:44 +00:00; oi ;C칩digo de Disciplina;45.85%;N칚o analisado;
2018-11-15 13:14:39 +00:00;oi ;C칩digo de Disciplina;45.85%;N칚o analisado;
2018-11-15 13:14:35 +00:00;oi;C칩digo de Disciplina;45.85%;N칚o analisado;
2018-11-15 13:14:30 +00:00;morreee diabo;C칩digo de Disciplina;4.95%;Deletado;
2018-11-15 13:14:20 +00:00;bou te quebrarrr;Aluno Estrangeiro;1.50%;N칚o analisado;
2018-11-15 13:14:16 +00:00;aaaaa;C칩digo de Disciplina;45.85%;N칚o analisado;
2018-11-15 13:14:11 +00:00;amigo ;C칩digo de Disciplina;45.85%;N칚o analisado;
2018-11-15 13:14:06 +00:00;para;C칩digo de Disciplina;37.62%;N칚o analisado;
2018-11-15 13:14:01 +00:00;vc vc e foda;Interc칙mbio;1.71%;N칚o analisado;
2018-11-15 13:13:45 +00:00;posso mudar a modalidade do meu curso?;Mudan칞a de 칅nfase do Curso;97.06%;N칚o analisado;
2018-11-15 13:13:43 +00:00;o que sao eletivas;Eletivas;98.10%;N칚o analisado;
2018-11-15 13:13:40 +00:00;o ensino aberto ta funfando? ;Ensino Aberto;90.79%;Aprovado;
2018-11-15 13:13:23 +00:00;como acesso o google classroom;Ensino Aberto;85.63%;Aprovado;
2018-11-15 13:13:11 +00:00;gostaria de comer bolacha;Aloca칞칚o de Salas;1.66%;Deletado;
2018-11-15 13:13:10 +00:00;o que e o ensino aberto;Ensino Aberto;96.30%;Aprovado;
2018-11-15 13:12:36 +00:00;quero saber q professor vai dar a disciplina ms211;Professores de Disciplina;99.09%;Aprovado;
2018-11-15 13:12:28 +00:00;gostaria de acessar o teleduc;Ensino Aberto;92.30%;Aprovado;
2018-11-15 13:11:40 +00:00;testando essa porcaria;C칩digo de Disciplina;11.35%;Deletado;
2018-11-14 18:15:59 +00:00;a matricula vai ser quando;Calend치rio;20.07%;Aprovado;
2018-11-14 18:15:20 +00:00;o que acontece se eu nao fiz matricula;Matr칤cula em Disciplinas;84.00%;Aprovado;
2018-11-14 18:15:04 +00:00;onde vejo as disciplinas que foram aceitas no meu peiddp de matricula;Matr칤cula em Disciplinas;75.76%;Aprovado;
2018-11-14 18:14:34 +00:00;onde faco pedido de matricula;Matr칤cula em Disciplinas;90.87%;Aprovado;
2018-11-14 18:14:26 +00:00;a matricula vai ser quando?;Cancelamento de Matr칤cula;16.03%;Reprovado;calendario
2018-11-14 18:14:06 +00:00;onde faco a matricula;Altera칞칚o de Matr칤cula;27.54%;Reprovado;matricula_em_disciplinas
2018-11-14 18:13:38 +00:00;como faco a matricula ;Altera칞칚o de Matr칤cula;42.41%;Reprovado;matricula_em_disciplinas
2018-11-14 18:13:25 +00:00;como faco pedido de matricula?;Matr칤cula em Disciplinas;77.64%;Aprovado;
2018-11-14 18:13:00 +00:00;quero ver o regimento geral;Regimento Geral;96.48%;Aprovado;
2018-11-14 18:12:46 +00:00;me passa o link do regimento geral;Regimento Geral;93.69%;Aprovado;
2018-11-14 18:12:37 +00:00;cade o regimento geral?;Regimento Geral;94.50%;Aprovado;
2018-11-14 18:12:21 +00:00;onde encontro o regimento geral da graduacao;Regimento Geral;99.16%;Aprovado;
2018-11-14 18:12:17 +00:00;onde que eu acho o regimento geral da unicamp;Regimento Geral;98.63%;Aprovado;
2018-11-14 18:12:06 +00:00;onde encontro regimento geral da pos;Regimento Geral;99.04%;Aprovado;
2018-11-14 18:12:05 +00:00;quero saber sobre o regimento ;Regimento Geral;64.89%;Aprovado;
2018-11-14 18:11:57 +00:00;onde encontro o regimento gdeal;Regimento Geral;90.94%;Aprovado;
2018-11-14 18:11:38 +00:00;onde encontro o regimento geral?;Regimento Geral;98.65%;Aprovado;
2018-11-14 18:10:57 +00:00;onde encontro o regimento geral;Interc칙mbio;3.35%;Reprovado;regimento_geral_da_graduacao
2018-11-14 18:10:52 +00:00;quero saber do regimento ;Interc칙mbio;3.79%;N칚o analisado;
2018-11-14 18:10:51 +00:00;onde encontro o regimento deral;Interc칙mbio;3.05%;N칚o analisado;
2018-11-14 18:10:12 +00:00;onde encontro o regimento geral da pos graduacao;Interc칙mbio;8.66%;N칚o analisado;
2018-11-14 18:09:59 +00:00;onde encontro o regimento geral da pos;Ementa de Disciplina;2.53%;N칚o analisado;
2018-11-14 18:09:49 +00:00;cade o regimento geral da pos;Aluno Estrangeiro;1.19%;N칚o analisado;
2018-11-14 17:54:33 +00:00;i'm gringo;Aluno Estrangeiro;95.36%;Aprovado;
2018-11-14 17:53:24 +00:00;foreign student help me;Aluno Estrangeiro;48.21%;Aprovado;
2018-11-14 17:53:15 +00:00;im from another country;Aluno Estrangeiro;12.42%;Aprovado;
2018-11-14 17:50:35 +00:00;sou aluno estrangeiro e tenho duvidas;Aluno Estrangeiro;98.35%;Aprovado;
2018-11-14 17:50:15 +00:00;o que eh cp;Integraliza칞칚o Curricular;74.97%;Aprovado;
2018-11-14 17:50:08 +00:00;queria ver a integralizacao;Integraliza칞칚o Curricular;88.57%;Aprovado;
2018-11-14 17:49:59 +00:00;onde acho a integralizacao;Integraliza칞칚o Curricular;95.41%;Aprovado;
2018-11-14 17:47:51 +00:00;o que e coeficiente de rendimento medio da turma;Turma Especial;24.22%;Reprovado;integralizacao_curricular
2018-11-14 17:47:41 +00:00;o que e coeficiente de rendimento padrao;Integraliza칞칚o Curricular;1.86%;Aprovado;
2018-11-14 17:47:28 +00:00;onde vejo minha integralizacao;Integraliza칞칚o Curricular;99.80%;Aprovado;
2018-11-14 17:47:21 +00:00;o que e projecao de integralizacao;Integraliza칞칚o Curricular;98.17%;Aprovado;
2018-11-14 17:47:11 +00:00;o que e cp;Integraliza칞칚o Curricular;65.60%;Aprovado;
2018-11-14 17:47:05 +00:00;o que e cr?;Integraliza칞칚o Curricular;81.65%;Aprovado;
2018-11-14 17:47:01 +00:00;o que e cpf na integralizacao;Integraliza칞칚o Curricular;98.10%;Aprovado;
2018-11-14 17:45:26 +00:00;o que e cpf na integralizacao;Integraliza칞칚o Curricular;98.01%;Aprovado;
2018-11-14 17:45:10 +00:00;sou gringo estou perdido;Aluno Estrangeiro;64.99%;Aprovado;
2018-11-14 17:44:53 +00:00;i'm foreign student;Aluno Estrangeiro;95.98%;Aprovado;
2018-11-14 17:44:11 +00:00;do hablo portugues;Aluno Estrangeiro;88.87%;Aprovado;
2018-11-14 17:43:59 +00:00;sou estrangeiro como tiro minhas duvidas?;Aluno Estrangeiro;92.55%;Aprovado;
2018-11-14 17:13:35 +00:00;o que e jubilamento?;Cancelamento de Matr칤cula;99.02%;Aprovado;
2018-11-14 17:13:10 +00:00;o que preciso fazer para pegar meu bilhete;Passe Escolar;74.64%;Aprovado;
2018-11-14 17:12:57 +00:00;o passe escolar eu pego como;Passe Escolar;98.25%;Aprovado;
2018-11-14 17:12:20 +00:00;como consigo meu bilhete universitario;Passe Escolar;97.53%;Aprovado;
2018-11-14 17:11:52 +00:00;fale mais sobre o remanejamento interno;Mudan칞a de curso;58.74%;Aprovado;
2018-11-14 17:11:46 +00:00;queria mudar de curso;Mudan칞a de curso;97.44%;Aprovado;
2018-11-14 17:11:21 +00:00;onde acho as solicitacoes diversas;Formul치rios;2.49%;Aprovado;
2018-11-14 17:11:07 +00:00;queria entregar alguns formularios mas nao estou achando;Formul치rios;94.98%;Aprovado;
2018-11-14 17:10:58 +00:00;que formularios eu preciso enviar;Formul치rios;88.29%;Aprovado;
2018-11-14 17:10:46 +00:00;pra quem devo entregar os formularios gerados pelo site;Formul치rios;95.80%;Aprovado;
2018-11-14 17:10:05 +00:00;cade o formulario de solicitacao diversas;Formul치rios;78.23%;Aprovado;
2018-11-14 17:09:55 +00:00;onde estao os formularios;Formul치rios;95.53%;Aprovado;
2018-11-14 17:09:37 +00:00;precisava achar um formulario no site;Formul치rios;54.09%;Aprovado;
2018-11-14 17:09:24 +00:00;onde encontro os formularios?;Formul치rios;96.96%;Aprovado;
2018-11-14 17:09:17 +00:00;onde encontro os formulares;Interc칙mbio;4.43%;Reprovado;formularios
2018-11-14 17:09:11 +00:00;quais formularios preciso preencher?;Formul치rios;97.73%;Aprovado;
2018-11-14 17:09:05 +00:00;preciso dos formularios da dac;Formul치rios;95.19%;Aprovado;
2018-11-14 17:08:57 +00:00;onde encontro os formulario de solicitacoes diversos;Formul치rios;95.26%;Aprovado;
2018-11-14 17:08:26 +00:00;solicitar passe escolar;Passe Escolar;94.30%;Aprovado;
2018-11-14 17:08:18 +00:00;preciso de bilhete universitario;Passe Escolar;97.42%;Aprovado;
2018-11-14 17:08:10 +00:00;preciso do passe da emdec;Passe Escolar;88.99%;Aprovado;
2018-11-14 17:08:02 +00:00;preciso do passe da emdev;Passe Escolar;94.03%;Aprovado;
2018-11-14 17:07:55 +00:00;preciso do passe da transurc;Passe Escolar;98.14%;Aprovado;
2018-11-14 17:07:46 +00:00;preciso de passe de estudante;Passe Escolar;97.99%;Aprovado;
2018-11-14 17:04:40 +00:00;como cadastrar emdec;Passe Escolar;2.46%;Aprovado;
2018-11-14 17:04:32 +00:00;moro longe como cadastrar emdec;Passe Escolar;19.55%;Aprovado;
2018-11-14 17:04:22 +00:00;preciso de bilhete universitario;Passe Escolar;96.21%;Aprovado;
2018-11-14 17:04:15 +00:00;preciso de bilhete unico;Passe Escolar;73.42%;Aprovado;
2018-11-14 17:02:55 +00:00;preciso de bilhete universitario;Passe Escolar;96.17%;Aprovado;
2018-11-14 16:42:59 +00:00;o que fazer pra mudar de curso?;Mudan칞a de curso;96.47%;Aprovado;
2018-11-14 16:42:42 +00:00;quero trocar de curso o que faco?;Mudan칞a de curso;40.80%;Aprovado;
2018-11-14 16:42:30 +00:00;como funciona a mudanca de curso?;Mudan칞a de curso;85.61%;Aprovado;
2018-11-14 16:42:04 +00:00;como funciona o remanejamento interno?;Mudan칞a de curso;40.32%;Aprovado;
2018-11-14 16:41:07 +00:00;cansei do meu curso, posso trancar a matricula?;Trancamento de Matr칤cula;90.36%;Aprovado;
2018-11-14 16:40:54 +00:00;nao gostei do meu curso o que posso fazer;Mudan칞a de curso;81.02%;Aprovado;
2018-11-14 16:40:47 +00:00;quais disciplinas no teste de proficiencia?;Teste de Profici칡ncia;96.20%;Aprovado;
2018-11-14 16:40:46 +00:00;queria mudar de curso;Mudan칞a de curso;97.77%;Aprovado;
2018-11-14 16:40:37 +00:00;onde vejo as disciplinas oferecidas no teste de proficiencia?;Teste de Profici칡ncia;97.06%;Aprovado;
2018-11-14 16:40:34 +00:00;onde consigo mais informacoes sobre o teste de proficiencia;Teste de Profici칡ncia;98.70%;Aprovado;
2018-11-14 16:40:18 +00:00;quantos testes de proficiencia posso fazer?;Teste de Profici칡ncia;88.70%;Aprovado;
2018-11-14 16:40:15 +00:00;eu fiz uma materia em outra facul como posso pegar proficiencia?;Teste de Profici칡ncia;97.65%;Aprovado;
2018-11-14 16:40:05 +00:00;qm pode pedir teste de proficiencia?;Teste de Profici칡ncia;95.82%;Aprovado;
2018-11-14 16:39:42 +00:00;como pedir mudanca de curso?;Mudan칞a de curso;89.69%;Aprovado;
2018-11-14 16:39:24 +00:00;nao gosto do meu curso, posso mudar?;Mudan칞a de curso;85.58%;Aprovado;
2018-11-14 16:39:21 +00:00;queria saber mais sobre o teste de proficiencia vc pode me ajudar?;Teste de Profici칡ncia;98.98%;Aprovado;
2018-11-14 16:39:17 +00:00;como faco para mudar de curso?;Mudan칞a de curso;95.94%;Aprovado;
2018-11-14 16:38:24 +00:00;o que eh remanejamento interno?;Mudan칞a de curso;64.60%;Aprovado;
2018-11-14 16:38:09 +00:00;o que e o remanejamento interno?;Mudan칞a de curso;57.66%;Aprovado;
2018-11-14 16:38:00 +00:00;como faco pra mudar de curso?;Mudan칞a de curso;95.13%;Aprovado;
2018-11-14 16:37:52 +00:00;eu posso mudar de curso?;Mudan칞a de curso;93.28%;Aprovado;
2018-11-14 16:17:27 +00:00;quantas vezes posso trancar matricula?;Trancamento de Matr칤cula;96.56%;Aprovado;
2018-11-14 16:17:20 +00:00;qual o limite de trancamentos?;Calend치rio;2.39%;Reprovado;trancamento_de_matricula
2018-11-14 16:17:11 +00:00;sou ingressante posso trancar matricula?;Trancamento de Matr칤cula;96.45%;Aprovado;
2018-11-14 16:17:02 +00:00;sou ingressante posso trancar o semestre?;Trancamento de Matr칤cula;92.30%;Aprovado;
2018-11-14 16:16:02 +00:00;quem pode trancar matricula?;Trancamento de Matr칤cula;94.71%;Aprovado;
2018-11-11 22:34:29 +00:00;aluno especial na unicamp;Aluno Especial;97.08%;Aprovado;
2018-11-11 22:33:59 +00:00;o que e jubilar?;Cancelamento de Matr칤cula;95.39%;Aprovado;
2018-11-11 22:33:49 +00:00;oi quero mais informacoes sobre jubilamento;Jubilamento;50.87%;Aprovado;
2018-11-11 22:33:31 +00:00;o que e jubilamento?;Cancelamento de Matr칤cula;90.39%;Aprovado;
2018-11-11 22:33:13 +00:00;quero resetar minha senha;Altera칞칚o de Senha;93.41%;N칚o analisado;
2018-11-11 22:32:49 +00:00;perdi meu cartao universitario;Cart칚o Universit치rio;96.11%;N칚o analisado;
2018-11-11 22:32:19 +00:00;aluno especial;Aluno Especial;99.86%;N칚o analisado;
2018-11-11 22:32:09 +00:00;oi quero saber sobre jubilamento;Jubilamento;86.53%;N칚o analisado;
2018-11-11 22:31:57 +00:00;como funciona abono de falta?;Abono de Falta;83.11%;N칚o analisado;
2018-11-11 22:31:36 +00:00;oi quero saber sobre aluno especial;Aluno Especial;95.26%;N칚o analisado;
2018-11-11 22:31:23 +00:00;alteracao de matricula;Altera칞칚o de Matr칤cula;95.26%;N칚o analisado;
2018-11-11 22:31:10 +00:00;oi quero saber sobre jubilamento;Jubilamento;86.53%;N칚o analisado;
2018-11-11 22:23:13 +00:00;oi quero saber sobre jubilamento;Jubilamento;86.83%;N칚o analisado;
2018-11-11 22:22:39 +00:00;oi quero saber sobre jubilamento;Jubilamento;86.83%;N칚o analisado;
2018-11-11 22:22:26 +00:00;oi quero saber sobre jubilamento;Jubilamento;86.83%;N칚o analisado;
2018-11-11 22:20:57 +00:00;oi quero saber sobre jubilamento;Cancelamento de Matr칤cula;11.69%;N칚o analisado;
2018-11-11 22:20:38 +00:00;meu cartao universitario quebrou;Cart칚o Universit치rio;92.07%;N칚o analisado;
2018-11-11 22:20:28 +00:00;meu cartao universitario quebrou, o que eu faco?;Cart칚o Universit치rio;44.46%;N칚o analisado;
2018-11-11 21:09:49 +00:00;preciso resetar minha senha;Altera칞칚o de Senha;97.68%;N칚o analisado;
2018-11-11 21:09:32 +00:00;qual a materia do codigo ma211?;C칩digo de Disciplina;67.83%;N칚o analisado;
2018-11-11 21:08:53 +00:00;eu perdi meu ra;Cart칚o Universit치rio;96.04%;N칚o analisado;
2018-11-11 21:08:05 +00:00;fiz outro curso, consigo aproveitar as disciplinas?;Aproveitamento de Estudos;77.29%;N칚o analisado;
2018-11-11 21:07:39 +00:00;ok;C칩digo de Disciplina;27.61%;N칚o analisado;
2018-11-11 21:07:31 +00:00;queria informacoes sobre bolsa de estudos;Bolsas;91.22%;N칚o analisado;
2018-11-11 21:07:02 +00:00;faltei pq estava doente, consigo abonar?;Abono de Falta;99.82%;N칚o analisado;
2018-11-11 21:05:52 +00:00;oi;C칩digo de Disciplina;27.53%;N칚o analisado;
2018-11-11 21:05:27 +00:00;caderno de horarios;C칩digo de Disciplina;1.33%;N칚o analisado;
2018-11-11 21:04:48 +00:00;oi;C칩digo de Disciplina;27.53%;N칚o analisado;
2018-11-11 21:04:25 +00:00;ola, tudo bem?;Cancelamento de Matr칤cula;2.32%;N칚o analisado;
2018-11-11 20:58:20 +00:00;desistencia em disciplina o que e?;Desist칡ncia em Disciplina;97.19%;N칚o analisado;
2018-11-11 20:57:52 +00:00;mudanca do ano do meu catalogo;Mudan칞a de cat치logo;98.90%;N칚o analisado;
2018-11-11 20:49:57 +00:00;quero mudar de catalogo;Mudan칞a de cat치logo;99.57%;N칚o analisado;
2018-11-11 20:47:45 +00:00;oi;C칩digo de Disciplina;27.53%;N칚o analisado;
2018-11-11 20:43:33 +00:00;oi;C칩digo de Disciplina;27.53%;N칚o analisado;
2018-11-11 20:42:21 +00:00;ou;C칩digo de Disciplina;27.58%;N칚o analisado;
2018-11-11 20:41:39 +00:00;oi;C칩digo de Disciplina;27.53%;N칚o analisado;
2018-11-11 20:36:54 +00:00;oo;C칩digo de Disciplina;27.61%;N칚o analisado;
2018-11-11 20:34:49 +00:00;quero alterar minha matricula ;Altera칞칚o de Matr칤cula;94.02%;N칚o analisado;
2018-11-11 20:34:39 +00:00;quero alterar minha matricula ;Altera칞칚o de Matr칤cula;94.02%;N칚o analisado;
2018-11-11 20:34:29 +00:00;quero alterar minha matricula ;Altera칞칚o de Matr칤cula;94.02%;N칚o analisado;
2018-11-11 20:33:49 +00:00;quero alterar minha matricula ;Altera칞칚o de Matr칤cula;94.02%;N칚o analisado;
2018-11-11 20:33:41 +00:00;quero alterar minha matricula ;Altera칞칚o de Matr칤cula;94.02%;N칚o analisado;
2018-11-11 20:31:49 +00:00;游녨;C칩digo de Disciplina;27.61%;N칚o analisado;
2018-11-11 20:31:47 +00:00;quero alterar minha matricula;Altera칞칚o de Matr칤cula;94.02%;N칚o analisado;
2018-11-11 20:31:23 +00:00;sim ;C칩digo de Disciplina;27.61%;N칚o analisado;
2018-11-11 20:31:20 +00:00;quero alterar minha matricula ;Altera칞칚o de Matr칤cula;94.02%;N칚o analisado;
2018-11-11 20:31:12 +00:00;quero alterar minha matricula ;Altera칞칚o de Matr칤cula;94.02%;N칚o analisado;
2018-11-11 20:29:48 +00:00;sim ;C칩digo de Disciplina;27.61%;N칚o analisado;
2018-11-11 20:29:40 +00:00;quero alterar minha matricula;Altera칞칚o de Matr칤cula;94.02%;N칚o analisado;
2018-11-11 20:29:25 +00:00;oi ;C칩digo de Disciplina;27.53%;N칚o analisado;
2018-11-11 20:26:45 +00:00;perdi meu ra;Cart칚o Universit치rio;98.27%;N칚o analisado;
2018-11-11 20:26:25 +00:00;ra;Cart칚o Universit치rio;99.97%;N칚o analisado;
2018-11-11 20:26:14 +00:00;to com problema meu ra;Cart칚o Universit치rio;90.80%;N칚o analisado;
2018-11-11 20:26:04 +00:00;perdi meu ra;Cart칚o Universit치rio;98.27%;N칚o analisado;
2018-11-11 20:25:56 +00:00;oi;C칩digo de Disciplina;27.53%;N칚o analisado;
2018-11-11 20:19:28 +00:00;oi;C칩digo de Disciplina;27.53%;N칚o analisado;
2018-11-11 20:18:40 +00:00;oi;C칩digo de Disciplina;27.53%;N칚o analisado;
2018-11-11 20:04:00 +00:00;ooo;C칩digo de Disciplina;27.61%;N칚o analisado;
2018-11-11 03:48:37 +00:00;quais os requisitos para fazer turma especial?;Turma Especial;97.93%;Aprovado;
2018-11-11 03:48:11 +00:00;como e a avaliacao da turma especial?;Turma Especial;94.03%;Aprovado;
2018-11-11 03:47:29 +00:00;como funciona turma especial;Turma Especial;97.20%;Aprovado;
2018-11-11 03:47:14 +00:00;quem pode fazer turma especial?;Turma Especial;98.40%;Aprovado;
2018-11-11 03:47:06 +00:00;quem pode fazer rurma especial?;Turma Especial;44.43%;Aprovado;
2018-11-11 03:46:57 +00:00;quem pode fazer turma especia?;Turma Especial;46.69%;Aprovado;
2018-11-11 03:45:44 +00:00;o quee turma especial?;Turma Especial;99.37%;Aprovado;
2018-11-11 03:43:25 +00:00;voce nao entende preciso falar com um atendente;Agendamento de Atendimento;89.72%;Aprovado;
2018-11-09 21:34:12 +00:00;jh;C칩digo de Disciplina;26.84%;N칚o analisado;
2018-11-09 21:21:23 +00:00;quero saber o status do meu protocolo;Acompanhar Protocolo;95.20%;N칚o analisado;
2018-11-09 21:20:28 +00:00;quero fazer alteracao de matricula;Altera칞칚o de Matr칤cula;94.21%;N칚o analisado;
2018-11-09 21:19:02 +00:00;perdi muitas aulas, posso abonar?;Abono de Falta;99.03%;N칚o analisado;
2018-11-09 19:55:26 +00:00;quebrei meu ra ;Cart칚o Universit치rio;91.73%;N칚o analisado;
2018-11-09 19:55:16 +00:00;quebrei meu ra ;Cart칚o Universit치rio;91.73%;N칚o analisado;
2018-11-09 19:54:28 +00:00;quebrou meu ra;Cart칚o Universit치rio;95.72%;N칚o analisado;
2018-11-09 19:51:34 +00:00;quebrei meu ra;Cart칚o Universit치rio;91.73%;N칚o analisado;
2018-11-09 19:48:47 +00:00;sim;C칩digo de Disciplina;26.84%;N칚o analisado;
2018-11-09 19:48:43 +00:00;quebrei meu ra ;Cart칚o Universit치rio;91.73%;N칚o analisado;
2018-11-09 19:48:33 +00:00;oi\;C칩digo de Disciplina;5.52%;N칚o analisado;
2018-11-09 19:48:24 +00:00;游녨;C칩digo de Disciplina;26.84%;N칚o analisado;
2018-11-09 19:48:20 +00:00;quebrei meu ra ;Cart칚o Universit치rio;91.73%;N칚o analisado;
2018-11-09 19:46:54 +00:00;游녨;C칩digo de Disciplina;26.84%;N칚o analisado;
2018-11-09 19:46:50 +00:00;quebrei meu ra;Cart칚o Universit치rio;91.73%;N칚o analisado;
2018-11-09 19:46:43 +00:00;quero saber sobre alteracao;Interc칙mbio;8.21%;N칚o analisado;
2018-11-09 19:46:23 +00:00;ola;C칩digo de Disciplina;26.81%;N칚o analisado;
2018-11-09 19:41:17 +00:00;hello;C칩digo de Disciplina;26.84%;N칚o analisado;
2018-11-09 19:41:07 +00:00;游녨;C칩digo de Disciplina;26.84%;N칚o analisado;
2018-11-09 19:40:57 +00:00;quero mudar de matricula;Altera칞칚o de Matr칤cula;96.65%;N칚o analisado;
2018-11-09 19:40:46 +00:00; boa tarde, preciso entrar com recurso referente ao processo seletivo de doutorado do instituto de geociencias ;Passe Escolar;4.84%;N칚o analisado;
2018-11-09 19:40:25 +00:00;gostaria de saber qual o procedimento para pre matricula para aluno especial da pos;Altera칞칚o de Matr칤cula;6.13%;N칚o analisado;
2018-11-09 19:39:41 +00:00;游녨;C칩digo de Disciplina;26.84%;N칚o analisado;
2018-11-09 19:39:37 +00:00;quero mudar de catalogo;Mudan칞a de cat치logo;99.56%;N칚o analisado;
2018-11-09 19:33:29 +00:00;eu quero trocar de curso, como faco?;Cancelamento de Matr칤cula;6.80%;Reprovado;remanejamento_interno
2018-11-09 19:32:37 +00:00;onde troco o ra definitivo?;Cart칚o Universit치rio;50.51%;Aprovado;
2018-11-09 19:32:12 +00:00;meu cartao universitario quebrou, o que faco?;Cart칚o Universit치rio;54.38%;Aprovado;
2018-11-09 19:31:42 +00:00;nao quero mais o ra provisorio;Cart칚o Universit치rio;56.92%;Aprovado;
2018-11-09 19:31:34 +00:00;eu precisava pegar meu ra definitivo;Cart칚o Universit치rio;86.98%;Aprovado;
2018-11-09 19:31:23 +00:00;meu ra quebrou;Cart칚o Universit치rio;95.72%;Aprovado;
2018-11-09 19:31:10 +00:00;meu ra quebrou, o que eu faco?;Cart칚o Universit치rio;43.23%;Aprovado;
2018-11-09 19:03:57 +00:00;sera que vc entende quando eu pergunto assim sobre a alteracao de matricula?;Calend치rio;14.67%;Reprovado;alteracao_de_matricula
2018-11-09 19:03:36 +00:00;quando posso receber o diploma;Diploma;65.69%;Aprovado;
2018-11-09 19:00:04 +00:00;queria trancar uma materia;Desist칡ncia em Disciplina;91.58%;Aprovado;
2018-11-09 18:59:28 +00:00;eu queria saber como tranco uma materia;Desist칡ncia em Disciplina;55.89%;Aprovado;
2018-11-09 18:59:19 +00:00;游녨;C칩digo de Disciplina;26.84%;Deletado;
2018-11-09 18:59:13 +00:00;queria trancar uma materia;Desist칡ncia em Disciplina;91.58%;Aprovado;
2018-11-09 18:57:49 +00:00;me fala mais da alteracao de matricula;Altera칞칚o de Matr칤cula;75.35%;Aprovado;
2018-11-09 18:57:36 +00:00;游녨;C칩digo de Disciplina;26.84%;Deletado;
2018-11-09 18:56:40 +00:00;o que e jubilar?;Cancelamento de Matr칤cula;96.73%;Aprovado;
2018-11-09 18:56:20 +00:00;como funciona o jubilamento;Cancelamento de Matr칤cula;65.51%;Aprovado;
2018-11-09 18:56:01 +00:00;jubilamento o que e ;Cancelamento de Matr칤cula;80.17%;Aprovado;
2018-11-09 18:54:10 +00:00;oi, eu queria saber sobre jubilamento;Cancelamento de Matr칤cula;10.68%;Aprovado;
2018-11-09 18:53:47 +00:00;boa tarde;C칩digo de Disciplina;5.53%;Deletado;
2018-11-09 18:18:01 +00:00;jubilei e agora?;Cancelamento de Matr칤cula;91.48%;Deletado;
2018-11-09 17:22:16 +00:00;voce nao entende preciso de um atendente;Agendamento de Atendimento;92.96%;Aprovado;
2018-11-09 14:57:06 +00:00;qual sala vai ser a aulas de ms211;Aloca칞칚o de Salas;94.19%;Aprovado;
2018-11-09 14:56:55 +00:00;onde e a sala pb13;Aloca칞칚o de Salas;99.16%;Aprovado;
2018-11-09 14:56:28 +00:00;onde e a sala;Aloca칞칚o de Salas;99.47%;Aprovado;
2018-11-09 14:54:02 +00:00;quero atendimento presencial;Agendamento de Atendimento;70.96%;Aprovado;
2018-11-09 14:53:53 +00:00;queria agendar atendimento na dac;Agendamento de Atendimento;94.91%;Aprovado;
2018-11-09 14:53:42 +00:00;queria agendar atendimento;Agendamento de Atendimento;59.58%;Aprovado;
2018-11-09 14:53:17 +00:00;como marcar atendimento na dac;Agendamento de Atendimento;94.66%;Aprovado;
2018-11-09 14:53:06 +00:00;agendar atendimento na dac;Agendamento de Atendimento;96.61%;Aprovado;
2018-11-09 14:52:19 +00:00;posso agendar atendimento;Agendamento de Atendimento;47.92%;Aprovado;
2018-11-09 14:51:02 +00:00;perdi meu numero do protocolo;Acompanhar Protocolo;89.57%;Aprovado;
2018-11-09 14:50:49 +00:00;acompanhar situacao da minha solicitacao;Acompanhar Protocolo;88.36%;Aprovado;
2018-11-09 14:50:36 +00:00;como vejo status do meu protocolo;Acompanhar Protocolo;93.21%;Aprovado;
2018-11-09 14:50:24 +00:00;nao sei onde consultar protocolo;Acompanhar Protocolo;89.47%;Aprovado;
2018-11-09 14:49:42 +00:00;faltei muito, tem como abonar?;Abono de Falta;93.92%;Aprovado;
2018-11-09 14:49:32 +00:00;faltei na aula atestado;Abono de Falta;89.43%;Aprovado;
2018-11-09 14:49:21 +00:00;perdi prova estava doente;Abono de Falta;79.04%;Aprovado;
2018-11-09 14:49:10 +00:00;perdi muitas aulas;Abono de Falta;64.78%;Aprovado;
2018-11-09 14:48:14 +00:00;perdi varias aulas;Abono de Falta;58.92%;Aprovado;
2018-11-09 14:48:08 +00:00;perdi varias aulas;Abono de Falta;58.92%;Aprovado;
2018-11-09 14:48:00 +00:00;perdi varias aulas;Abono de Falta;58.92%;Aprovado;
2018-11-09 14:47:55 +00:00;perdi muitas aulas;Abono de Falta;64.78%;Aprovado;
2018-11-09 14:47:05 +00:00;perdi muitas aulas;Abono de Falta;39.55%;Aprovado;
2018-11-09 14:46:58 +00:00;tenho atestado para o dia da prova;Abono de Falta;74.31%;Aprovado;
2018-11-09 14:46:51 +00:00;fui ao medico na hora da prova;Abono de Falta;75.76%;Aprovado;
2018-11-09 14:46:45 +00:00;fui ao medico no dia da prova;Abono de Falta;89.23%;Aprovado;
2018-11-09 14:46:34 +00:00;faltei muitas aulas, e agora?;Abono de Falta;53.93%;Aprovado;
2018-11-09 14:46:27 +00:00;como abonar minhas faltas;Abono de Falta;99.11%;Aprovado;
2018-11-09 14:46:10 +00:00;faltei mais do que podia ;Abono de Falta;8.71%;Aprovado;
2018-11-09 14:45:23 +00:00;tenho atestado;Abono de Falta;46.88%;Aprovado;
2018-11-09 14:45:13 +00:00;acho que excedi o limite de faltas;Abono de Falta;92.96%;Aprovado;
2018-11-09 14:44:54 +00:00;perdi muitas aulas;Abono de Falta;39.55%;Aprovado;
2018-11-09 14:44:48 +00:00;perdi uma prova, posso abonar?;Abono de Falta;94.76%;Aprovado;
2018-11-09 14:44:36 +00:00;tive medico no dia da prova;Abono de Falta;54.93%;Aprovado;
2018-11-09 13:42:59 +00:00;conclui as materias do meu curriculo pleno;Diploma;91.55%;Aprovado;
2018-11-09 13:42:43 +00:00;conclui minhas disciplinas do curso;Diploma;38.17%;Aprovado;
2018-11-09 13:42:26 +00:00;cumpri a carga horaria do meu curso;Diploma;36.31%;Aprovado;
2018-11-09 13:42:18 +00:00;me formei e agora?;Diploma;63.17%;Aprovado;
2018-11-09 13:42:11 +00:00;tenho certificado de conclusao;Diploma;80.10%;Aprovado;
2018-11-09 13:41:40 +00:00;colacao de grau;Diploma;94.07%;Aprovado;
2018-11-09 13:41:26 +00:00;preciso ir na colacao de grau;Diploma;53.88%;Aprovado;
2018-11-09 13:41:19 +00:00;preciso mesmo ir na colacao de grau?;Diploma;22.22%;Aprovado;
2018-11-09 13:41:04 +00:00;conclui as materias do curso quero meu diploma;Diploma;96.93%;Aprovado;
2018-11-09 13:39:15 +00:00;passei na unicamp e agora?;Documentos para Matr칤cula;53.95%;Aprovado;
2018-11-09 13:39:04 +00:00;quais docs preciso para matricula;Documentos para Matr칤cula;76.50%;Aprovado;
2018-11-09 13:38:48 +00:00;fui aprovado na unicamp, o que preciso fazer agora?;Documentos para Matr칤cula;87.11%;Aprovado;
2018-11-09 13:38:35 +00:00;fui aprovado na unicamp;Documentos para Matr칤cula;89.72%;Aprovado;
2018-11-09 13:38:18 +00:00;passei no vestibular como fazer matricula?;Documentos para Matr칤cula;97.07%;Aprovado;
2018-11-09 13:38:02 +00:00;fui convocado para matricula;Documentos para Matr칤cula;89.05%;Aprovado;
2018-11-09 13:37:53 +00:00;quais documentos preciso para fazer matricula;Documentos para Matr칤cula;85.69%;Aprovado;
2018-11-09 13:37:41 +00:00;quais documentos preciso levar na matricula;Documentos para Matr칤cula;99.38%;Aprovado;
2018-11-09 13:37:31 +00:00;o que preciso levar no dia da matricula;Documentos para Matr칤cula;95.25%;Aprovado;
2018-11-09 13:37:14 +00:00;saiu o resultado do vestibular, como efetuar matricula;Documentos para Matr칤cula;85.76%;Aprovado;
2018-11-09 13:36:58 +00:00;passei no vestibular, o que preciso para fazer matricula?;Documentos para Matr칤cula;98.85%;Aprovado;
2018-11-09 13:35:08 +00:00;ql o assunto coberto pela disciplina ms211;Ementa de Disciplina;79.84%;Aprovado;
2018-11-09 13:34:54 +00:00;qual o programa da disciplina ms11;Ementa de Disciplina;74.87%;Aprovado;
2018-11-09 13:34:45 +00:00;ql o programa da disciplina;Ementa de Disciplina;67.48%;Aprovado;
2018-11-09 13:34:40 +00:00;qual o programa da disciplina;Ementa de Disciplina;73.70%;Aprovado;
2018-11-09 13:34:01 +00:00;ql o conteudo da materia ms211 ;Ementa de Disciplina;78.73%;Aprovado;
2018-11-09 13:33:55 +00:00;qual o conteudo da materia ms211;Ementa de Disciplina;80.34%;Aprovado;
2018-11-09 13:33:48 +00:00;qual o conteudo da disciplina ms211;Ementa de Disciplina;86.52%;Aprovado;
2018-11-09 13:33:40 +00:00;ql o conteudo da disciplina ms211;Ementa de Disciplina;84.90%;Aprovado;
2018-11-09 13:33:32 +00:00;qual o vonteudo da disciplina;C칩digo de Disciplina;27.69%;Aprovado;
2018-11-09 13:33:22 +00:00;ql o conteudo da materia ms211;Ementa de Disciplina;78.73%;Aprovado;
2018-11-09 13:33:06 +00:00;qual a materia dessa disciplina;Ementa de Disciplina;85.56%;Aprovado;
2018-11-09 13:32:58 +00:00;ql a materia dessa disciplina;Ementa de Disciplina;83.70%;Aprovado;
2018-11-09 13:32:42 +00:00;ql a ementa da materia ms211;Ementa de Disciplina;66.67%;Aprovado;
2018-11-09 13:32:33 +00:00;qual a ementa da disciplina ms211;Ementa de Disciplina;75.86%;Aprovado;
2018-11-09 13:32:25 +00:00;ql a ementa da disciplina ms211;Ementa de Disciplina;75.53%;Aprovado;
2018-11-09 13:32:15 +00:00;qual a ementa da materia ms211;Ementa de Disciplina;66.08%;Aprovado;
2018-11-09 13:29:30 +00:00;qual o programa da disciplina ms211;Ementa de Disciplina;81.17%;Aprovado;
2018-11-09 13:29:21 +00:00;qual o programa da disciplina;Ementa de Disciplina;83.97%;Aprovado;
2018-11-09 13:29:12 +00:00;ql o programa da disciplina ms211;Ementa de Disciplina;59.41%;Aprovado;
2018-11-09 13:29:05 +00:00;ql o programa da disciplina;Ementa de Disciplina;62.25%;Aprovado;
2018-11-09 13:27:15 +00:00;queria saber sobre a ementa da disciplina ms211;Ementa de Disciplina;90.89%;Aprovado;
2018-11-09 13:27:05 +00:00;queria saber sobre a ementa da materia ms211;Ementa de Disciplina;92.37%;Aprovado;
2018-11-09 13:26:56 +00:00;queria saber sobre a ementa da materia;Ementa de Disciplina;93.21%;Aprovado;
2018-11-09 13:26:45 +00:00;o que vai ser ensinado em cada materia;Ementa de Disciplina;59.29%;Aprovado;
2018-11-09 13:26:29 +00:00;o que vai ser abordado na disciplina ms211;Ementa de Disciplina;86.45%;Aprovado;
2018-11-09 13:26:19 +00:00;o que vai ser abordado na materia ms211;Ementa de Disciplina;88.75%;Aprovado;
2018-11-09 13:26:08 +00:00;o que vai ser coberto pela disciplina ms211;Ementa de Disciplina;87.40%;Aprovado;
2018-11-09 13:25:58 +00:00;o que vai ser coberto pela materia ms211;Ementa de Disciplina;89.56%;Aprovado;
2018-11-09 13:25:49 +00:00;o que vai ser coberto pela materia;Ementa de Disciplina;90.79%;Aprovado;
2018-11-09 13:25:42 +00:00;o que vai ser coberto pela disciplina;Ementa de Disciplina;88.78%;Aprovado;
2018-11-09 13:25:34 +00:00;o que vai ser abordado na materia;Ementa de Disciplina;90.09%;Aprovado;
2018-11-09 13:25:28 +00:00;o que vai ser abordado na disciplina;Ementa de Disciplina;87.93%;Aprovado;
2018-11-09 13:25:19 +00:00;o que vai ser ensinado na disciplina;Ementa de Disciplina;46.22%;Aprovado;
2018-11-09 13:19:49 +00:00;onde encontro os conteudos da disciplina;Ementa de Disciplina;52.73%;Aprovado;
2018-11-09 13:19:34 +00:00;onde encontro os conteudos abordados nas disciplinas?;Ementa de Disciplina;1.80%;Aprovado;
2018-11-09 13:18:34 +00:00;qual o assunto coberto pela disciplina;Ementa de Disciplina;8.44%;Aprovado;
2018-11-09 13:18:21 +00:00;qual o topico coberto pela disciplina;Ementa de Disciplina;10.61%;Aprovado;
2018-11-09 13:16:35 +00:00;programa da disciplina;Ementa de Disciplina;88.20%;Aprovado;
2018-11-09 13:16:21 +00:00;quais assuntos serao abordados na disciplina;Ementa de Disciplina;96.17%;Aprovado;
2018-11-09 13:16:06 +00:00;quais assuntos serao cobertos pela disciplina;Ementa de Disciplina;94.76%;Aprovado;
2018-11-09 13:15:57 +00:00;qual assunto sera coberto pela disciplina;Ementa de Disciplina;4.42%;Aprovado;
2018-11-09 13:15:40 +00:00;ql a ementa da disciplina;Ementa de Disciplina;79.61%;Aprovado;
2018-11-09 13:15:29 +00:00;quais assuntos serao cobertos pela disciplina;Ementa de Disciplina;94.76%;Aprovado;
2018-11-09 13:15:17 +00:00;quais topicos serao abordados na disciplina;Ementa de Disciplina;95.72%;Aprovado;
2018-11-09 13:13:15 +00:00;onde encontro os topicos que serao abordados na materia?;Ementa de Disciplina;96.07%;Aprovado;
2018-11-09 13:13:00 +00:00;onde encontro os conteudos abordados nas disciplinas?;Altera칞칚o de Matr칤cula;1.66%;Aprovado;
2018-11-09 13:12:25 +00:00;quall o programa da disciplina ms211;Ementa de Disciplina;87.80%;Aprovado;
2018-11-09 13:12:13 +00:00;qual o programa da disciplian ms211;Ementa de Disciplina;9.87%;Aprovado;
2018-11-09 13:12:03 +00:00;ql a ementa da materia ms211;Ementa de Disciplina;80.72%;Aprovado;
2018-11-09 13:11:56 +00:00;ql a ementa da disciplina ms211;Ementa de Disciplina;76.92%;Aprovado;
2018-11-09 13:11:46 +00:00;qual a ementa da materia ms211;Ementa de Disciplina;91.27%;Aprovado;
2018-11-09 13:11:27 +00:00;qual a ementa da disciplina ms211;Ementa de Disciplina;88.06%;Aprovado;
2018-11-09 13:09:02 +00:00;quero ter duplo diploma;Interc칙mbio;47.13%;Aprovado;
2018-11-09 13:08:56 +00:00;quero fazer duplo diploma;Interc칙mbio;71.67%;Aprovado;
2018-11-09 13:08:46 +00:00;o que e duplo diploma?;Interc칙mbio;70.62%;Aprovado;
2018-11-09 13:06:51 +00:00;quero fazer duplo diploma;Interc칙mbio;79.83%;Aprovado;
2018-11-09 13:06:26 +00:00;o que e duplo diploma?;Interc칙mbio;35.68%;Aprovado;
2018-11-09 13:06:19 +00:00;o que devo saber sobre duplo diploma?;Interc칙mbio;31.66%;Aprovado;
2018-11-09 13:05:19 +00:00;o que devo saber sobre duplo diploma?;Diploma;13.83%;Aprovado;
2018-11-09 13:04:52 +00:00;posso estudar fora do brasil?;Interc칙mbio;84.98%;Aprovado;
2018-11-09 13:04:40 +00:00;posso fazer materias em faculdade fora do brasil?;Interc칙mbio;41.22%;Aprovado;
2018-11-09 13:04:19 +00:00;tem algum edital de intercambio aberto?;Interc칙mbio;88.37%;Aprovado;
2018-11-09 13:04:10 +00:00;tem algum edital aberto?;Interc칙mbio;3.03%;Aprovado;
2018-11-09 13:04:02 +00:00;como sao as bolsas de intercambio?;Interc칙mbio;87.05%;Aprovado;
2018-11-09 13:03:49 +00:00;quero saber mais sobre graduacao sanduiche;Interc칙mbio;81.97%;Aprovado;
2018-11-09 13:03:22 +00:00;como mudar de catalogo?;Mudan칞a de cat치logo;99.60%;Aprovado;
2018-11-09 13:02:41 +00:00;posso mudar para um catalogo mais recente?;Mudan칞a de cat치logo;97.07%;Aprovado;
2018-11-09 13:02:29 +00:00;posso mudar para um catalogo mais antigo?;Mudan칞a de cat치logo;97.63%;Aprovado;
2018-11-09 13:02:20 +00:00;posso pedir retorno de catalogo?;Mudan칞a de cat치logo;89.46%;Aprovado;
2018-11-09 13:01:18 +00:00;posso pedir retorno de catalogo?;Mudan칞a de cat치logo;89.45%;Aprovado;
2018-11-09 03:22:00 +00:00;游녨;C칩digo de Disciplina;15.34%;Deletado;
2018-11-09 03:21:10 +00:00;tenho baixa renda, existe programa de bolsa?;Bolsas;83.84%;Aprovado;
2018-11-09 03:20:53 +00:00;tem algum edital de intercambio aberto?;Interc칙mbio;88.41%;Aprovado;
2018-11-09 03:20:18 +00:00;quero fazer intercambio;Interc칙mbio;99.58%;Aprovado;
2018-11-09 03:07:28 +00:00;quero saber mais sobre alteracao de matricula;Altera칞칚o de Matr칤cula;75.37%;Aprovado;
2018-11-09 03:07:18 +00:00;a;Aloca칞칚o de Salas;14.23%;Deletado;
2018-11-09 03:06:15 +00:00;a;Aloca칞칚o de Salas;14.23%;Deletado;
2018-11-09 03:02:00 +00:00;duvida;C칩digo de Disciplina;15.34%;Deletado;
2018-11-09 02:57:54 +00:00;游녨;C칩digo de Disciplina;15.34%;Deletado;
2018-11-09 02:57:25 +00:00;qual o procedimento para alterar matricula;Altera칞칚o de Matr칤cula;79.15%;Aprovado;
2018-11-09 02:55:23 +00:00;abono de falta;Abono de Falta;77.74%;Aprovado;
2018-11-09 02:54:14 +00:00;alt matricula;Altera칞칚o de Matr칤cula;17.28%;Aprovado;
2018-11-09 02:54:09 +00:00;alterar matricula;Altera칞칚o de Matr칤cula;77.66%;Aprovado;
2018-11-09 02:54:05 +00:00;matricula;Altera칞칚o de Matr칤cula;67.88%;N칚o analisado;
2018-11-09 02:52:17 +00:00;oi;C칩digo de Disciplina;15.34%;Deletado;
2018-11-09 02:47:10 +00:00;alteracao de matricula ;Altera칞칚o de Matr칤cula;93.06%;Aprovado;
2018-11-09 02:45:49 +00:00;alteracao de matricula;Altera칞칚o de Matr칤cula;93.06%;Aprovado;
2018-11-09 02:39:27 +00:00;procedimento de alteracao de matricula;Altera칞칚o de Matr칤cula;97.96%;Aprovado;
2018-11-09 02:38:12 +00:00;procedimento de alteracao de matricula;Altera칞칚o de Matr칤cula;97.96%;Aprovado;
2018-11-09 02:37:22 +00:00;procedimento da alteracao de matricula;Altera칞칚o de Matr칤cula;97.87%;Aprovado;
2018-11-09 02:37:14 +00:00;como alterar as disciplinas;Altera칞칚o de Matr칤cula;41.50%;Aprovado;
2018-11-09 02:36:18 +00:00;quero alterar minhas disciplinas;Altera칞칚o de Matr칤cula;62.99%;Aprovado;
2018-11-09 02:35:45 +00:00;qua e a disciplina ma211;C칩digo de Disciplina;9.39%;Aprovado;
2018-11-09 02:35:37 +00:00;qual o nome da disciplina ms211;C칩digo de Disciplina;49.59%;Aprovado;
2018-11-09 02:35:31 +00:00;qual o nome da disciplina ma211w;C칩digo de Disciplina;49.59%;Aprovado;
2018-11-09 02:35:04 +00:00;existe bolsa de estudos na unicamp?;Bolsas;98.79%;Aprovado;
2018-11-09 02:34:24 +00:00;codigo da disciplina;C칩digo de Disciplina;95.82%;Aprovado;
2018-11-09 02:34:06 +00:00;e possivel aproveitar materias que ja cursei?;Aproveitamento de Estudos;99.90%;Aprovado;
2018-11-09 02:33:07 +00:00;como faco para abonar faltas?;Abono de Falta;95.74%;Aprovado;
2018-11-09 02:32:55 +00:00;quais os cursos da unicamp?;Cursos;98.87%;Aprovado;
2018-11-09 02:30:57 +00:00;qual o nome da disciplina ms211;C칩digo de Disciplina;49.21%;Aprovado;
2018-11-09 02:30:49 +00:00;qual o nome da disciplina;C칩digo de Disciplina;70.55%;Aprovado;
2018-11-09 02:30:38 +00:00;qual o nome da materia ms211;C칩digo de Disciplina;68.08%;Aprovado;
2018-11-09 02:30:31 +00:00;qual o nome da materia;C칩digo de Disciplina;84.56%;Aprovado;
2018-11-09 02:30:21 +00:00;qual o nome da disciplina ms211;C칩digo de Disciplina;49.21%;Aprovado;
2018-11-09 02:30:08 +00:00;qual a disciplina mc211;C칩digo de Disciplina;22.50%;Aprovado;
2018-11-09 02:29:53 +00:00;cumpri a carga horaria do meu curso;Diploma;34.82%;Aprovado;
2018-11-09 02:08:40 +00:00;tenho medo de reprovar por falta;Abono de Falta;6.49%;Aprovado;
2018-11-09 02:07:30 +00:00;vou reprovar por falta o que faco;Altera칞칚o de Senha;2.23%;Aprovado;
2018-11-09 02:07:23 +00:00;vou reprovar por falta;Agendamento de Atendimento;3.39%;Aprovado;
2018-11-09 02:06:56 +00:00;faltei mas tenho atestado;Abono de Falta;97.01%;Aprovado;
2018-11-09 02:06:42 +00:00;perdi aula fui no cecom;Abono de Falta;50.36%;Aprovado;
2018-11-09 02:06:31 +00:00;estou perto dos 75% de presenca;Agendamento de Atendimento;2.73%;Aprovado;
2018-11-09 02:06:16 +00:00;excedi o limite de faltas;Abono de Falta;95.56%;Aprovado;
2018-11-09 02:06:06 +00:00;excedi as faltas;Abono de Falta;93.45%;Aprovado;
2018-11-09 02:05:50 +00:00;abonar faltas;Abono de Falta;99.73%;Aprovado;
2018-11-09 02:05:41 +00:00;prova perdida;Abono de Falta;17.11%;Aprovado;
2018-11-09 02:05:26 +00:00;perdi prova;Abono de Falta;95.40%;Aprovado;
2018-11-09 02:01:27 +00:00;invadiram minha conta;Altera칞칚o de Senha;3.10%;Aprovado;
2018-11-09 02:01:16 +00:00;nova senha para email dac;Altera칞칚o de Senha;82.16%;Aprovado;
2018-11-09 02:01:08 +00:00;senha perdida;Altera칞칚o de Senha;16.33%;Aprovado;
2018-11-09 02:01:04 +00:00;perdi senha;Altera칞칚o de Senha;51.32%;Aprovado;
2018-11-09 02:00:48 +00:00;senha nova;Altera칞칚o de Senha;58.70%;Aprovado;
2018-11-09 02:00:41 +00:00;perdi acesso ao email dac;Altera칞칚o de Senha;31.23%;Aprovado;
2018-11-09 02:00:24 +00:00;onde eu troco minhas senhas?;Altera칞칚o de Senha;84.82%;Aprovado;
2018-11-09 02:00:13 +00:00;onde troco senhas?;Altera칞칚o de Senha;47.23%;Aprovado;
2018-11-09 01:59:55 +00:00;perdi meu acesso a conta da dac;Altera칞칚o de Senha;86.08%;Aprovado;
2018-11-09 01:59:43 +00:00;nova senha;Altera칞칚o de Senha;58.70%;Aprovado;
2018-11-09 01:59:31 +00:00;senha nova;Altera칞칚o de Senha;58.70%;Aprovado;
2018-11-09 01:42:35 +00:00;a sala cc03 esta ocupada?;Aloca칞칚o de Salas;52.75%;Aprovado;
2018-11-09 01:37:02 +00:00;cumpri as disciplinas do meu curso, quero diploma;Diploma;88.04%;Aprovado;
2018-11-09 01:36:51 +00:00;cumpri as disciplinas do meu curso quero meu diploma;Diploma;89.31%;Aprovado;
2018-11-09 01:36:38 +00:00;cumpri as disciplinas do meu curso;Diploma;15.64%;Aprovado;
2018-11-09 01:35:52 +00:00;conclui as materias do meu curso;Aproveitamento de Estudos;4.71%;Aprovado;
2018-11-09 01:35:41 +00:00;oi daquinho, conclui as materias do meu curso;Aproveitamento de Estudos;15.96%;Aprovado;
2018-11-05 20:33:41 +00:00;gostaria de saber qual o procedimento para pre matricula para aluno especial da pos ;Altera칞칚o de Matr칤cula;13.26%;N칚o analisado;
2018-11-05 20:26:23 +00:00;boa tarde, preciso entrar com recurso referente ao processo seletivo de doutorado do instituto de geociencias;Aproveitamento de Estudos;9.86%;N칚o analisado;
2018-11-05 20:23:42 +00:00;gostaria de entregar uma solicitacao;Acompanhar Protocolo;4.58%;Reprovado;agendamento_de_atendimento
2018-11-05 20:23:22 +00:00;solicitacao geral;Acompanhar Protocolo;5.12%;Aprovado;
2018-11-05 20:22:03 +00:00;ola, preciso de uma autorizacao para meu passe de onibus como eu procedo?;Altera칞칚o de Senha;12.02%;Aprovado;
2018-11-03 13:59:27 +00:00;ver meu protocolo;Acompanhar Protocolo;99.08%;Aprovado;
2018-11-03 13:58:18 +00:00;como faco para acompanhar se meu protoclo esta concluido?;Altera칞칚o de Senha;11.10%;Reprovado;acompanhar_protocolo
2018-11-03 13:58:02 +00:00;alteracao de matricula;Altera칞칚o de Matr칤cula;83.42%;Aprovado;
2018-11-03 13:55:31 +00:00;como funciona o teste de proficiencia?;Cancelamento de Matr칤cula;30.47%;N칚o analisado;
2018-11-03 13:55:13 +00:00;e possivel fazer aproveitamento de disciplinas?;Aproveitamento de Estudos;20.52%;Aprovado;
2018-11-03 13:54:59 +00:00;e possivel fazer aproveitamento de matricula?;Cancelamento de Matr칤cula;30.37%;Reprovado;aproveitamento_de_estudos
2018-11-03 13:54:40 +00:00;como funciona o abono de faltas?;Abono de Falta;95.34%;Aprovado;
2018-11-03 13:54:21 +00:00;alteracao de matricula;Altera칞칚o de Matr칤cula;83.42%;Aprovado;
2018-11-03 13:54:16 +00:00;oi;Google;31.60%;Deletado;
2018-11-03 13:54:08 +00:00;emissao de documentos;Acompanhar Protocolo;2.44%;Reprovado;documentos_para_matricula
2018-10-30 00:20:58 +00:00;perdi varias aulas;Abono de Falta;8.83%;Aprovado;
2018-10-30 00:20:43 +00:00;perdi muitas aulas;Abono de Falta;8.88%;Aprovado;
2018-10-30 00:20:04 +00:00;perdi muitas aulas;Abono de Falta;8.88%;Aprovado;
2018-10-30 00:18:06 +00:00;faltei muitas aulas;Abono de Falta;11.29%;Aprovado;
2018-10-30 00:17:58 +00:00;excedi limite de faltas;Abono de Falta;68.01%;Aprovado;
2018-10-30 00:17:46 +00:00;perdi muitas aulas;Abono de Falta;8.88%;Aprovado;
2018-10-30 00:16:51 +00:00;perdi muitas aulas;Abono de Falta;8.88%;Aprovado;
2018-10-30 00:16:28 +00:00;faltei muitas aulas posso abonar;Abono de Falta;86.33%;Aprovado;
2018-10-30 00:16:20 +00:00;faltei muitas aulas;Abono de Falta;11.29%;Aprovado;
2018-10-30 00:16:11 +00:00;alteracao de matricula;Altera칞칚o de Matr칤cula;88.41%;Aprovado;
2018-10-30 00:14:46 +00:00;perdi muitas aulas;Abono de Falta;8.88%;Aprovado;
2018-10-30 00:14:39 +00:00;faltei muitas aulas;Abono de Falta;11.29%;Aprovado;
2018-10-30 00:13:18 +00:00;fiquei doente;Abono de Falta;89.10%;Aprovado;
2018-10-30 00:13:10 +00:00;perdi minha prova;Abono de Falta;90.37%;Aprovado;
2018-10-30 00:13:02 +00:00;perdi uma prova;Abono de Falta;91.01%;Aprovado;
2018-10-30 00:06:40 +00:00;perdi minha prova;Abono de Falta;7.04%;N칚o analisado;
2018-10-30 00:06:22 +00:00;faltei numa prova;Abono de Falta;46.82%;N칚o analisado;
2018-10-30 00:06:09 +00:00;preciso de atestado medico para abono de faltas?;Abono de Falta;98.47%;N칚o analisado;
2018-10-30 00:05:55 +00:00;fiquei doente;Abono de Falta;89.31%;Aprovado;
2018-10-30 00:05:47 +00:00;abono de faltas;Abono de Falta;87.04%;Aprovado;
2018-10-30 00:05:27 +00:00;faltei demais;Abono de Falta;14.34%;Aprovado;
2018-10-30 00:00:06 +00:00;queria saber sobre intercambios;Ementa de Disciplina;2.55%;Reprovado;intercambio
2018-10-29 23:57:02 +00:00;queria saber sobre intercambios;Ementa de Disciplina;2.55%;Reprovado;intercambio
2018-10-29 23:50:11 +00:00;quando eh a alteracao de matricula?;Calend치rio;91.18%;Aprovado;
2018-10-29 23:49:55 +00:00;quando e o perido de alteracao de amtricula?;Calend치rio;69.36%;Aprovado;
2018-10-29 23:49:42 +00:00;periodo de alteracao de matricula;Calend치rio;97.20%;Aprovado;
2018-10-29 23:33:16 +00:00;perdi meu ra;Cart칚o Universit치rio;98.54%;Aprovado;
2018-10-29 23:33:06 +00:00;quando e o periodo de matricula?;Calend치rio;56.45%;Aprovado;
2018-10-29 23:32:52 +00:00;quando e a semana de estudos?;Bolsas;9.93%;Reprovado;calendario
2018-10-29 23:32:42 +00:00;quando acaba o semestre?;Cancelamento de Matr칤cula;4.04%;Reprovado;calendario
2018-10-29 23:29:01 +00:00;alteracao de matricula;Calend치rio;70.53%;Reprovado;alteracao_de_matricula
2018-10-29 23:27:15 +00:00;mudanca de catalogo;Google;2.55%;Reprovado;mudanca_de_catalogo
2018-10-27 00:44:30 +00:00;rabinboca da parafuseta;Google;1.31%;N칚o analisado;
2018-10-27 00:35:29 +00:00;perdi ra;Cart칚o Universit치rio;99.27%;Aprovado;
2018-10-27 00:35:22 +00:00;perdi ra;Cart칚o Universit치rio;99.27%;Aprovado;
2018-10-27 00:35:17 +00:00;o;Google;19.83%;Deletado;
2018-10-27 00:34:04 +00:00;sim;Google;32.08%;N칚o analisado;
2018-10-27 00:34:01 +00:00;alteracao de matricula;Calend치rio;70.53%;Reprovado;alteracao_de_matricula
2018-10-27 00:33:57 +00:00;o;Google;19.83%;N칚o analisado;
2018-10-27 00:33:05 +00:00;alteracao de matricula;Calend치rio;70.53%;N칚o analisado;
2018-10-27 00:33:02 +00:00;emissao de documentos;Acompanhar Protocolo;2.71%;N칚o analisado;
2018-10-27 00:32:57 +00:00;mudanca de catalogo;Google;2.55%;N칚o analisado;
2018-10-27 00:32:52 +00:00;cancelamento de matricula;Documentos para Matr칤cula;24.38%;N칚o analisado;
2018-10-27 00:32:48 +00:00;o;Google;19.83%;N칚o analisado;
2018-10-27 00:32:16 +00:00;alteracao de matricula;Calend치rio;70.53%;Reprovado;alteracao_de_matricula
2018-10-27 00:32:12 +00:00;o;Google;19.83%;Deletado;
2018-10-27 00:31:38 +00:00;nao;Google;30.80%;Deletado;
2018-10-27 00:31:34 +00:00;alteracao de matricula;Calend치rio;70.53%;Reprovado;alteracao_de_matricula
2018-10-27 00:31:29 +00:00;o;Google;19.83%;Deletado;
2018-10-27 00:30:59 +00:00;perdi ra;Cart칚o Universit치rio;99.27%;Aprovado;
2018-10-27 00:30:43 +00:00;perdi ra;Cart칚o Universit치rio;99.27%;Aprovado;
2018-10-27 00:30:37 +00:00;o;Google;19.83%;Deletado;
2018-10-27 00:29:25 +00:00;ooo;Google;32.08%;Deletado;
2018-10-27 00:29:16 +00:00;sim;Google;32.08%;Deletado;
2018-10-27 00:29:12 +00:00;perdi ra;Cart칚o Universit치rio;99.27%;Aprovado;
2018-10-27 00:29:07 +00:00;o;Google;19.83%;Deletado;
2018-10-27 00:27:46 +00:00;sim;Google;32.08%;Deletado;
2018-10-27 00:27:37 +00:00;perdi ra;Cart칚o Universit치rio;99.27%;Aprovado;
2018-10-27 00:27:26 +00:00;oo;Google;32.08%;Deletado;
2018-10-27 00:26:09 +00:00;sim;Google;32.08%;Deletado;
2018-10-27 00:26:06 +00:00;perdi meu ra;Cart칚o Universit치rio;98.54%;Aprovado;
2018-10-27 00:25:58 +00:00;o;Google;19.83%;Deletado;
2018-10-27 00:25:01 +00:00;sim;Google;32.08%;Deletado;
2018-10-27 00:24:57 +00:00;perdi meu ra;Cart칚o Universit치rio;98.54%;Aprovado;
2018-10-27 00:24:47 +00:00;j;Google;32.08%;Deletado;
2018-10-27 00:21:41 +00:00;游녨;Google;32.08%;Deletado;
2018-10-27 00:21:38 +00:00;perdi meu ra;Cart칚o Universit치rio;98.54%;Aprovado;
2018-10-27 00:21:29 +00:00;o;Google;19.83%;Deletado;
2018-10-27 00:20:54 +00:00;游녨;Google;32.08%;Deletado;
2018-10-27 00:20:50 +00:00; perdi meu ra;Cart칚o Universit치rio;98.54%;Aprovado;
2018-10-27 00:20:41 +00:00;c~;Google;7.99%;Deletado;
2018-10-27 00:19:47 +00:00;游녨;Google;32.08%;Deletado;
2018-10-27 00:19:43 +00:00;perdi meu ra;Cart칚o Universit치rio;98.54%;Aprovado;
2018-10-26 23:28:46 +00:00;jubilamento me fala algo;Diploma;3.61%;Reprovado;cancelamento_de_matricula
2018-10-26 23:23:20 +00:00;o que e jubilamento;Cancelamento de Matr칤cula;26.12%;Aprovado;
2018-10-26 23:22:06 +00:00;quero mudar minhas materias;C칩digo de Disciplina;3.92%;Reprovado;alteracao_de_matricula
2018-10-26 23:21:54 +00:00;quero mudar de matricula;Documentos para Matr칤cula;23.42%;N칚o analisado;
2018-10-26 23:21:50 +00:00;como funciona a alteracao de matricula;Calend치rio;70.19%;N칚o analisado;
2018-10-26 23:13:49 +00:00;mudar de catalogo;Google;2.54%;Deletado;
2018-10-26 23:13:28 +00:00;quero mudar de catalogo;Diploma;2.67%;Aprovado;
2018-10-26 23:13:23 +00:00;como funciona o jubilamento?;Cancelamento de Matr칤cula;94.90%;Aprovado;
2018-10-26 23:12:22 +00:00;quero mudar de catalogo;Diploma;2.67%;Deletado;
2018-10-26 23:09:14 +00:00;quero mudar de catalogo;Diploma;2.67%;Deletado;
2018-10-26 22:59:54 +00:00;odeio a dac;Acompanhar Protocolo;7.82%;N칚o analisado;
2018-10-26 22:58:45 +00:00;ferramentas do google;Google;83.94%;Aprovado;
2018-10-26 22:58:37 +00:00;word;Google;93.17%;N칚o analisado;
2018-10-26 22:55:03 +00:00;perdi minha senha;Altera칞칚o de Senha;82.69%;Aprovado;
2018-10-26 22:54:46 +00:00;como funciona a alteracao de matricula;Calend치rio;70.19%;Reprovado;alteracao_de_matricula
2018-10-26 22:53:04 +00:00;perdi meu ra;Cart칚o Universit치rio;98.54%;Aprovado;
2018-10-26 22:52:38 +00:00;como funciona a alteracao de matricula;Calend치rio;82.77%;Reprovado;alteracao_de_matricula
2018-10-26 22:52:24 +00:00;alteracao de matricula;Calend치rio;94.43%;Reprovado;alteracao_de_matricula
2018-10-26 22:51:36 +00:00;quando e a alteracao de matricula;Calend치rio;86.69%;Reprovado;alteracao_de_matricula
2018-10-26 22:48:53 +00:00;perdi meu ra;Cart칚o Universit치rio;93.86%;Aprovado;
2018-10-26 22:48:43 +00:00;perdi minha senha;Altera칞칚o de Senha;46.00%;Aprovado;
2018-10-26 22:32:23 +00:00;como funciona o trancamento de matricula;Documentos para Matr칤cula;7.27%;Reprovado;trancamento_de_matricula
2018-10-26 22:31:52 +00:00;que horas e tal aula;Aloca칞칚o de Salas;5.92%;Aprovado;
2018-10-26 22:31:23 +00:00;o que tem no bandeco;Cursos;25.81%;N칚o analisado;
2018-10-26 22:31:13 +00:00;eu perdi meu ra;Cart칚o Universit치rio;88.98%;Aprovado;
2018-10-26 22:31:06 +00:00;quero pegar meu diploma;Diploma;82.24%;Aprovado;
2018-10-26 22:31:01 +00:00;me formei o que fazer;Diploma;88.26%;Aprovado;
2018-10-26 22:30:46 +00:00;qual o codigo dessa materia;C칩digo de Disciplina;79.07%;Aprovado;
2018-10-26 22:17:36 +00:00;o que e trancamento de matricula?;Documentos para Matr칤cula;15.27%;Aprovado;
2018-10-26 22:16:32 +00:00;como funciona o jubilamento?;Abono de Falta;30.00%;Aprovado;
2018-10-26 22:05:19 +00:00;oi;Google;39.21%;Deletado;
2018-10-26 22:05:13 +00:00;tchau;Google;39.21%;Deletado;
2018-10-26 22:05:09 +00:00;quero cancelar minha matricula;Cancelamento de Matr칤cula;82.59%;Aprovado;
2018-10-26 22:04:52 +00:00;trocar a senha;Altera칞칚o de Senha;96.18%;Aprovado;
2018-10-26 22:04:46 +00:00;perdi minha senha;Altera칞칚o de Senha;46.00%;Aprovado;
2018-10-26 22:04:18 +00:00;ja fiz algumas materias;Aproveitamento de Estudos;94.00%;Aprovado;
2018-10-26 22:04:10 +00:00;ja fiz algumasmaterias;Aproveitamento de Estudos;42.54%;Aprovado;
2018-10-26 22:03:27 +00:00;disciplinas;Aproveitamento de Estudos;37.18%;Deletado;
2018-10-26 22:03:21 +00:00;matricula;Documentos para Matr칤cula;45.79%;Deletado;
2018-10-26 22:03:15 +00:00;matricula em disciplinas;Aproveitamento de Estudos;12.89%;Deletado;
2018-10-26 22:03:05 +00:00;abono de faltas;Abono de Falta;94.83%;Aprovado;
2018-10-26 21:59:25 +00:00;formularios da dac;Altera칞칚o de Senha;39.87%;Deletado;
2018-10-26 21:59:07 +00:00;alteracao de matricula quando e ?;Calend치rio;84.41%;Aprovado;
